uid,title,gene_symbol,clinical_significance,conditions,rcv_accession
4819605,NM_000546.6(TP53):c.672+2_672+3delinsAA,,,,VCV004819605
4812286,NM_000546.6(TP53):c.991_993+64dup,,,,VCV004812286
4811916,NM_000546.6(TP53):c.274C>A (p.Pro92Thr),,,,VCV004811916
4805346,NM_000546.6(TP53):c.217G>C (p.Val73Leu),,,,VCV004805346
4800662,NM_000546.6(TP53):c.44G>T (p.Ser15Ile),,,,VCV004800662
4800661,NM_000546.6(TP53):c.88A>T (p.Asn30Tyr),,,,VCV004800661
4800660,NM_000546.6(TP53):c.262G>A (p.Ala88Thr),,,,VCV004800660
4800659,NM_000546.6(TP53):c.283T>C (p.Ser95Pro),,,,VCV004800659
4800658,NM_000546.6(TP53):c.316A>T (p.Ser106Cys),,,,VCV004800658
4800657,NM_000546.6(TP53):c.417G>C (p.Lys139Asn),,,,VCV004800657
4800656,NM_000546.6(TP53):c.436T>C (p.Trp146Arg),,,,VCV004800656
4800655,NM_000546.6(TP53):c.614A>T (p.Tyr205Phe),,,,VCV004800655
4800654,NM_000546.6(TP53):c.863A>G (p.Asn288Ser),,,,VCV004800654
4800653,NM_000546.6(TP53):c.882G>T (p.Glu294Asp),,,,VCV004800653
4800652,NM_000546.6(TP53):c.982T>G (p.Phe328Val),,,,VCV004800652
4800651,NM_000546.6(TP53):c.988C>G (p.Leu330Val),,,,VCV004800651
4800650,NM_000546.6(TP53):c.1109A>G (p.Lys370Arg),,,,VCV004800650
4797930,NM_000546.6(TP53):c.673-8T>C,,,,VCV004797930
4773623,NM_000546.6(TP53):c.1100+5G>T,,,,VCV004773623
4760586,NM_000546.6(TP53):c.1173C>A (p.Asp391Glu),,,,VCV004760586
4759336,NM_000546.6(TP53):c.96+2_96+38del,,,,VCV004759336
4759033,NM_000546.6(TP53):c.554_555delinsTT (p.Ser185Ile),,,,VCV004759033
4758197,NM_000546.6(TP53):c.223C>T (p.Pro75Ser),,,,VCV004758197
4757808,NM_000546.6(TP53):c.860A>G (p.Glu287Gly),,,,VCV004757808
4757032,NM_000546.6(TP53):c.219G>C (p.Val73=),,,,VCV004757032
4756723,NM_000546.6(TP53):c.183T>G (p.Asp61Glu),,,,VCV004756723
4756720,NM_000546.6(TP53):c.552T>C (p.Asp184=),,,,VCV004756720
4753418,NM_000546.6(TP53):c.868C>A (p.Arg290Ser),,,,VCV004753418
4748000,NM_000546.6(TP53):c.1019T>C (p.Met340Thr),,,,VCV004748000
4739105,NM_000546.6(TP53):c.1112C>T (p.Ser371Phe),,,,VCV004739105
4735996,NM_000546.6(TP53):c.138C>A (p.Ser46=),,,,VCV004735996
4735897,NM_000546.6(TP53):c.377del (p.Tyr126fs),,,,VCV004735897
4733780,NM_000546.6(TP53):c.494dup (p.Ser166fs),,,,VCV004733780
4732868,NM_000546.6(TP53):c.184_187dup (p.Ala63fs),,,,VCV004732868
4732672,NM_000546.6(TP53):c.549dup (p.Asp184fs),,,,VCV004732672
4732605,NM_000546.6(TP53):c.43del (p.Ser15fs),,,,VCV004732605
4730792,NM_000546.6(TP53):c.560-12G>C,,,,VCV004730792
4728643,NM_000546.6(TP53):c.559+3G>C,,,,VCV004728643
4728147,NM_000546.6(TP53):c.1034dup (p.Asn345fs),,,,VCV004728147
4726990,NM_000546.6(TP53):c.218_219dup (p.Ala74fs),,,,VCV004726990
4726444,NM_000546.6(TP53):c.317_339del (p.Ser106fs),,,,VCV004726444
4726315,NM_000546.6(TP53):c.-40_-29+7del,,,,VCV004726315
4726314,NM_000546.6(TP53):c.376-3_376-1del,,,,VCV004726314
4726190,NM_000546.6(TP53):c.783-20T>C,,,,VCV004726190
4725408,NM_000546.6(TP53):c.96+34_184del,,,,VCV004725408
4725205,NM_000546.6(TP53):c.993+3_993+9del,,,,VCV004725205
4723989,NM_000546.6(TP53):c.190_197del (p.Pro64fs),,,,VCV004723989
4723690,NM_000546.6(TP53):c.885_904del (p.His296fs),,,,VCV004723690
4721995,NM_000546.6(TP53):c.1024C>A (p.Arg342=),,,,VCV004721995
4721782,NM_000546.6(TP53):c.559+20G>C,,,,VCV004721782
4721316,NM_000546.6(TP53):c.927C>G (p.Pro309=),,,,VCV004721316
4719816,NM_000546.6(TP53):c.1122T>A (p.Gly374=),,,,VCV004719816
4719549,NM_000546.6(TP53):c.599_616del (p.Asn200_Leu206delinsMet),,,,VCV004719549
4719308,NM_000546.6(TP53):c.165T>C (p.Thr55=),,,,VCV004719308
4719111,NC_000017.11:g.7674291del,,,,VCV004719111
4718843,NM_000546.6(TP53):c.-31_-29+2del,,,,VCV004718843
4717601,NC_000017.11:g.7673816_7673839del,,,,VCV004717601
4717598,NM_000546.6(TP53):c.575_580del (p.Gln192_His193del),,,,VCV004717598
4716542,NM_000546.6(TP53):c.581_586del (p.Leu194_Ile195del),,,,VCV004716542
4715441,NM_000546.6(TP53):c.878_883del (p.Gly293_Pro295delinsAla),,,,VCV004715441
4715367,NM_000546.6(TP53):c.672+17G>A,,,,VCV004715367
4715116,NC_000017.11:g.7687354_7688032del,,,,VCV004715116
4714565,NM_000546.6(TP53):c.783-9C>T,,,,VCV004714565
4714010,NM_000546.6(TP53):c.47_63dup (p.Leu22fs),,,,VCV004714010
4713849,NM_000546.6(TP53):c.1064_1091del (p.Ala355fs),,,,VCV004713849
4713773,NM_000546.6(TP53):c.559+19A>C,,,,VCV004713773
4713495,NM_000546.6(TP53):c.993+11T>A,,,,VCV004713495
4713457,NM_000546.6(TP53):c.86dup (p.Asn29fs),,,,VCV004713457
4713248,NM_000546.6(TP53):c.537_539dup (p.His179_Glu180insAsp),,,,VCV004713248
4711912,NM_000546.6(TP53):c.783-3_791dup,,,,VCV004711912
4711509,NM_000546.6(TP53):c.1101-18T>C,,,,VCV004711509
4710305,NM_000546.6(TP53):c.872A>G (p.Lys291Arg),,,,VCV004710305
4690734,NM_000546.6(TP53):c.836G>C (p.Gly279Ala),,,,VCV004690734
4690223,NM_000546.6(TP53):c.1096_1100+9del,,,,VCV004690223
4686570,NM_000546.6(TP53):c.1168_1171dup (p.Asp391delinsAlaTer),,,,VCV004686570
4685939,NM_000546.6(TP53):c.838A>T (p.Arg280Ter),,,,VCV004685939
4553149,NM_000546.6(TP53):c.153_159dup (p.Phe54fs),,,,VCV004553149
4553134,NM_000546.6(TP53):c.142_151del (p.Asp48fs),,,,VCV004553134
4553123,NM_000546.6(TP53):c.1164A>C (p.Glu388Asp),,,,VCV004553123
4553112,NM_000546.6(TP53):c.791_808delinsACTGGGACGGAACAGC (p.Leu264fs),,,,VCV004553112
4553088,NM_000546.6(TP53):c.322_329delinsATTCTGGGCTACAT (p.Gly108_Arg110delinsIleLeuGlyTyrIle),,,,VCV004553088
4553078,NM_000546.6(TP53):c.360G>A (p.Lys120=),,,,VCV004553078
4553048,NM_000546.6(TP53):c.265_272del (p.Pro89fs),,,,VCV004553048
4553021,NM_000546.6(TP53):c.981T>C (p.Tyr327=),,,,VCV004553021
4553010,NM_000546.6(TP53):c.503del (p.His168fs),,,,VCV004553010
4553001,NM_000546.6(TP53):c.673-96_673del,,,,VCV004553001
4552983,NM_000546.6(TP53):c.1087A>T (p.Arg363Trp),,,,VCV004552983
4552972,NM_000546.6(TP53):c.220G>A (p.Ala74Thr),,,,VCV004552972
4552962,NM_000546.6(TP53):c.648_666delinsTTCC (p.Val217_Pro222delinsSer),,,,VCV004552962
4552953,NM_000546.6(TP53):c.898_906dup (p.Gly302_Ser303insProProGly),,,,VCV004552953
4552934,NM_000546.6(TP53):c.336C>T (p.Gly112=),,,,VCV004552934
4552901,NM_000546.6(TP53):c.690C>A (p.Thr230=),,,,VCV004552901
4552891,NM_000546.6(TP53):c.676_708dup (p.Tyr236_Met237insGlySerAspCysThrThrIleHisTyrAsnTyr),,,,VCV004552891
4552487,NM_000546.6(TP53):c.502C>T (p.His168Tyr),,,,VCV004552487
4539756,NM_000546.6(TP53):c.75-1G>C,,,,VCV004539756
4539755,NM_000546.6(TP53):c.241_244dup (p.Pro82fs),,,,VCV004539755
4539754,NM_000546.6(TP53):c.392_397del (p.Asn131_Lys132del),,,,VCV004539754
4539753,NM_000546.6(TP53):c.414dup (p.Lys139fs),,,,VCV004539753
4539752,NM_000546.6(TP53):c.414_420del (p.Lys139fs),,,,VCV004539752
4539751,NM_000546.6(TP53):c.421_424del (p.Cys141fs),,,,VCV004539751
